name	link
Ainsty (2008) IDB	http://www.ada.org.uk/members/ainsty-2008-idb/
Airedale Drainage Commissioners	http://www.ada.org.uk/members/airedale-drainage-commissioners/
Alconbury and Ellington IDB	http://www.ada.org.uk/members/alconbury-and-ellington-idb/
Ancholme IDB	http://www.ada.org.uk/members/ancholme-idb/
Axe Brue IDB	http://www.ada.org.uk/members/axe-brue/
Bedfordshire & River Ivel IDB	http://www.ada.org.uk/members/bedfordshire-river-ivel-idb/
Benwick IDB	http://www.ada.org.uk/members/benwick-idb/
Beverley & North Holderness IDB	http://www.ada.org.uk/members/beverley-north-holderness-idb/
Black Drain Drainage Board	http://www.ada.org.uk/members/black-drain-idb/
Black Sluice IDB	http://www.ada.org.uk/members/black-sluice-idb/
Bluntisham IDB	http://www.ada.org.uk/members/bluntisham-idb/
Braunton Marsh IDB	http://www.ada.org.uk/members/braunton-marsh-idb/
Broads (2006) IDB	http://www.ada.org.uk/members/broads-2006-idb/
Buckingham and River Ouzel IDB	http://www.ada.org.uk/members/buckingham-and-river-ouzel-idb/
Burnt Fen IDB	http://www.ada.org.uk/members/burnt-fen-idb/
Cawdle Fen IDB	http://www.ada.org.uk/members/cawdle-fen-idb/
Churchfield & Plawfield IDB	http://www.ada.org.uk/members/churchfield-plawfield-idb/
Conington & Holme IDB	http://www.ada.org.uk/members/conington-holme-idb/
Cowick & Snaith IDB	http://www.ada.org.uk/members/cowick-snaith-idb/
Curf and Wimblington Combined IDB	http://www.ada.org.uk/members/curf-and-wimblington-combined-idb/
Danvm Drainage Commissioners	http://www.ada.org.uk/members/danvm-drainage-commissioners/
Dempster IDB	http://www.ada.org.uk/members/dempster-idb/
Doncaster East IDB	http://www.ada.org.uk/members/doncaster-east-idb/
Downham & Stow Bardolph IDB	http://www.ada.org.uk/members/downham-stow-bardolph-idb/
Earby & Salterforth IDB	http://www.ada.org.uk/members/earby-salterforth-idb/
East Harling IDB	http://www.ada.org.uk/members/east-harling-idb/
East of the Ouse, Polver and Nar IDB	http://www.ada.org.uk/members/east-of-the-ouse-polver-and-nar-idb/
East Suffolk IDB	http://www.ada.org.uk/members/east-suffolk-idb/
Euximoor IDB	http://www.ada.org.uk/members/euximoor-idb/
Feldale IDB	http://www.ada.org.uk/members/feldale-idb/
Foss (2008) IDB	http://www.ada.org.uk/members/foss-2008-idb/
Goole & Airmyn IDB	http://www.ada.org.uk/members/goole-airmyn-idb/
Goole Fields District DB	http://www.ada.org.uk/members/goole-fields-district-db/
Haddenham Level Drainage Commisioners	http://www.ada.org.uk/members/haddenham-level-drainage-commisioners/
Holmewood and District IDB	http://www.ada.org.uk/members/holmewood-and-district-idb/
Hundred Foot Washes IDB	http://www.ada.org.uk/members/hundred-foot-washes-idb/
Hundred of Wisbech IDB	http://www.ada.org.uk/members/hundred-of-wisbech-idb/
Isle of Axholme and North Nottinghamshire Water Level Management Board	http://www.ada.org.uk/members/the-isle-of-axholme-and-north-nottinghamshire-water-level-management-board/
Kings Lynn IDB	http://www.ada.org.uk/members/kings-lynn-idb/
Kyle & Upper Ouse IDB	http://www.ada.org.uk/members/kyle-upper-ouse-idb/
Lakenheath IDB	http://www.ada.org.uk/members/lakenheath-idb/
Lindsey Marsh Drainage Board	http://www.ada.org.uk/members/lindsey-marsh-drainage-board/
Littleport & Downham IDB	http://www.ada.org.uk/members/littleport-downham-idb/
Lower Medway IDB	http://www.ada.org.uk/members/lower-medway-idb/
Lower Severn (2005) IDB	http://www.ada.org.uk/members/lower-severn-2005-idb/
Manea & Welney District Drainage Commissioners	http://www.ada.org.uk/members/manea-welney-district-drainage-commissioners/
March East IDB	http://www.ada.org.uk/members/march-east-idb/
March Fifth District Drainage Commissioners	http://www.ada.org.uk/members/march-fifth-district-drainage-commissioners/
March Sixth District Drainage Commissioners	http://www.ada.org.uk/members/march-sixth-district-drainage-commissioners/
March Third District Drainage Commissioners	http://www.ada.org.uk/members/march-third-district-drainage-commissioners/
March West and White Fen IDB	http://www.ada.org.uk/members/march-west-and-white-fen-idb/
Melverley IDB	http://www.ada.org.uk/members/melverley-idb/
Middle Fen and Mere IDB	http://www.ada.org.uk/members/middle-fen-and-mere-idb/
Middle Level Commissioners	http://www.ada.org.uk/members/middle-level-commissioners/
Mildenhall IDB	http://www.ada.org.uk/members/mildenhall-idb/
Natural Resources Wales	http://www.ada.org.uk/members/natural-resources-wales/
Needham & Laddus IDB	http://www.ada.org.uk/members/needham-laddus-idb/
Nightlayers IDB	http://www.ada.org.uk/members/nightlayers-idb/
Nordelph IDB	http://www.ada.org.uk/members/nordelph-idb/
Norfolk Rivers IDB	http://www.ada.org.uk/members/norfolk-rivers-idb/
North East Lindsey IDB	http://www.ada.org.uk/members/north-east-lindsey-idb/
North Level District (2010) IDB	http://www.ada.org.uk/members/north-level-district-2010-idb/
North Somerset Levels IDB	http://www.ada.org.uk/members/north-somerset-levels-idb/
Northwold IDB	http://www.ada.org.uk/members/northwold-idb/
Old West IDB	http://www.ada.org.uk/members/old-west-idb/
Ouse & Derwent IDB	http://www.ada.org.uk/members/ouse-derwent-idb/
Ouse & Humber Drainage Board	http://www.ada.org.uk/members/ouse-humber-drainage-board/
Over and Willingham IDB	http://www.ada.org.uk/members/over-and-willingham-idb/
Padnal and Waterden IDB	http://www.ada.org.uk/members/padnal-and-waterden-idb/
Parrett IDB	http://www.ada.org.uk/members/parrett-idb/
Ramsey First (Hollow) District IDB	http://www.ada.org.uk/members/ramsey-first-hollow-district-idb/
Ramsey Fourth (Middlemoor) District IDB	http://www.ada.org.uk/members/ramsey-fourth-middlemoor-district-idb/
Ramsey IDB	http://www.ada.org.uk/members/ramsey-idb/
Ramsey, Upwood & Great Raveley IDB	http://www.ada.org.uk/members/ramsey-upwood-great-raveley-idb/
Ransonmoor District Drainage Commissioners	http://www.ada.org.uk/members/ransonmoor-district-drainage-commissioners/
Rawcliffe IDB	http://www.ada.org.uk/members/rawcliffe-idb/
Rea IDB	http://www.ada.org.uk/members/rea-idb/
Reedness & Swinefleet Drainage Commissioners	http://www.ada.org.uk/members/reedness-swinefleet-drainage-commissioners/
River Lugg IDB	http://www.ada.org.uk/members/river-lugg-idb/
River Stour (Kent) IDB	http://www.ada.org.uk/members/river-stour-kent-idb/
Romney Marshes Area IDB	http://www.ada.org.uk/members/romney-marshes-area-idb/
Sawtry IDB	http://www.ada.org.uk/members/sawtry-idb/
Scunthorpe and Gainsborough Water Management Board	http://www.ada.org.uk/members/scunthorpe-and-gainsborough-water-management-board/
Selby Area IDB	http://www.ada.org.uk/members/selby-area-idb/
South Holderness IDB	http://www.ada.org.uk/members/south-holderness-idb/
South Holland IDB	http://www.ada.org.uk/members/south-holland-idb/
Southery & District IDB	http://www.ada.org.uk/members/southery-district-idb/
Sow and Penk IDB	http://www.ada.org.uk/members/sow-and-penk-idb/
Stoke Ferry IDB	http://www.ada.org.uk/members/stoke-ferry-idb/
Strine IDB	http://www.ada.org.uk/members/strine-idb/
Stringside IDB	http://www.ada.org.uk/members/stringside-idb/
Sutton & Mepal IDB	http://www.ada.org.uk/members/sutton-mepal-idb/
Swaffham IDB	http://www.ada.org.uk/members/swaffham-idb/
Swale & Ure Drainage Board	http://www.ada.org.uk/members/swale-ure-drainage-board/
Swavesey IDB	http://www.ada.org.uk/members/swavesey-idb/
Thorntree IDB	http://www.ada.org.uk/members/thorntree-idb/
Trent Valley IDB	http://www.ada.org.uk/members/trent-valley-idb/
Upper Medway IDB	http://www.ada.org.uk/members/upper-medway-idb/
Upper Witham IDB	http://www.ada.org.uk/members/upper-witham-idb/
Upwell IDB	http://www.ada.org.uk/members/upwell-idb/
Vale of Pickering IDB	http://www.ada.org.uk/members/vale-of-pickering-idb/
Waldersey IDB	http://www.ada.org.uk/members/waldersey-idb/
Warboys, Somersham and Pidley IDB	http://www.ada.org.uk/members/warboys-somersham-and-pidley-idb/
Waterbeach Level IDB	http://www.ada.org.uk/members/waterbeach-level-idb/
Waveney, Lower Yare and Lothingland IDB	http://www.ada.org.uk/members/waveney-lower-yare-and-lothingland-idb/
Welland and Deepings IDB	http://www.ada.org.uk/members/welland-and-deepings-idb/
Whittlesey and District IDB	http://www.ada.org.uk/members/whittlesey-and-district-idb/
Witham First District IDB	http://www.ada.org.uk/members/witham-first-district-idb/
Witham Fourth District IDB	http://www.ada.org.uk/members/witham-fourth-district-idb/
Witham Third District IDB	http://www.ada.org.uk/members/witham-third-district-idb/
Woodwalton Drainage Commissioners	http://www.ada.org.uk/members/woodwalton-drainage-commissioners/
